id,name,province_id/id
res_country_district_1,อ.เชียงดาว,res_country_province_9
res_country_district_2,อ.เมืองเชียงใหม่,res_country_province_9
res_country_district_3,อ.เวียงแหง,res_country_province_9
res_country_district_4,อ.แม่แจ่ม,res_country_province_9
res_country_district_5,อ.แม่แตง,res_country_province_9
res_country_district_6,อ.แม่ริม,res_country_province_9
res_country_district_7,อ.แม่วาง,res_country_province_9
res_country_district_8,อ.แม่ออน,res_country_province_9
res_country_district_9,อ.แม่อาย,res_country_province_9
res_country_district_10,อ.ไชยปราการ,res_country_province_9
res_country_district_11,อ.กัลยาณิวัฒนา,res_country_province_9
res_country_district_12,อ.จอมทอง,res_country_province_9
res_country_district_13,อ.ดอยเต่า,res_country_province_9
res_country_district_14,อ.ดอยสะเก็ด,res_country_province_9
res_country_district_15,อ.ดอยหล่อ,res_country_province_9
res_country_district_16,อ.ฝาง,res_country_province_9
res_country_district_17,อ.พร้าว,res_country_province_9
res_country_district_18,อ.สะเมิง,res_country_province_9
res_country_district_19,อ.สันกำแพง,res_country_province_9
res_country_district_20,อ.สันทราย,res_country_province_9
res_country_district_21,อ.สันป่าตอง,res_country_province_9
res_country_district_22,อ.สารภี,res_country_province_9
res_country_district_23,อ.หางดง,res_country_province_9
res_country_district_24,อ.อมก๋อย,res_country_province_9
res_country_district_25,อ.ฮอด,res_country_province_9
res_country_district_26,อ.เชียงแสน,res_country_province_13
res_country_district_27,อ.เชียงของ,res_country_province_13
res_country_district_28,อ.เทิง,res_country_province_13
res_country_district_29,อ.เมืองเชียงราย,res_country_province_13
res_country_district_30,อ.เวียงเชียงรุ้ง,res_country_province_13
res_country_district_31,อ.เวียงแก่น,res_country_province_13
res_country_district_32,อ.เวียงชัย,res_country_province_13
res_country_district_33,อ.เวียงป่าเป้า,res_country_province_13
res_country_district_34,อ.แม่จัน,res_country_province_13
res_country_district_35,อ.แม่ฟ้าหลวง,res_country_province_13
res_country_district_36,อ.แม่ลาว,res_country_province_13
res_country_district_37,อ.แม่สรวย,res_country_province_13
res_country_district_38,อ.แม่สาย,res_country_province_13
res_country_district_39,อ.ขุนตาล,res_country_province_13
res_country_district_40,อ.ดอยหลวง,res_country_province_13
res_country_district_41,อ.ป่าแดด,res_country_province_13
res_country_district_42,อ.พญาเม็งราย,res_country_province_13
res_country_district_43,อ.พาน,res_country_province_13
res_country_district_44,อ.เขาย้อย,res_country_province_38
res_country_district_45,อ.เมืองเพชรบุรี,res_country_province_38
res_country_district_46,อ.แก่งกระจาน,res_country_province_38
res_country_district_47,อ.ชะอำ,res_country_province_38
res_country_district_48,อ.ท่ายาง,res_country_province_38
res_country_district_49,อ.บ้านแหลม,res_country_province_38
res_country_district_50,อ.บ้านลาด,res_country_province_38
res_country_district_51,อ.หนองหญ้าปล้อง,res_country_province_38
res_country_district_52,อ.เขาค้อ,res_country_province_45
res_country_district_53,อ.เมืองเพชรบูรณ์,res_country_province_45
res_country_district_54,อ.ชนแดน,res_country_province_45
res_country_district_55,อ.น้ำหนาว,res_country_province_45
res_country_district_56,อ.บึงสามพัน,res_country_province_45
res_country_district_57,อ.วังโป่ง,res_country_province_45
res_country_district_58,อ.วิเชียรบุรี,res_country_province_45
res_country_district_59,อ.ศรีเทพ,res_country_province_45
res_country_district_60,อ.หนองไผ่,res_country_province_45
res_country_district_61,อ.หล่มเก่า,res_country_province_45
res_country_district_62,อ.หล่มสัก,res_country_province_45
res_country_district_63,อ.เชียงคาน,res_country_province_20
res_country_district_64,อ.เมืองเลย,res_country_province_20
res_country_district_65,อ.เอราวัณ,res_country_province_20
res_country_district_66,อ.ด่านซ้าย,res_country_province_20
res_country_district_67,อ.ท่าลี่,res_country_province_20
res_country_district_68,อ.นาแห้ว,res_country_province_20
res_country_district_69,อ.นาด้วง,res_country_province_20
res_country_district_70,อ.ปากชม,res_country_province_20
res_country_district_71,อ.ผาขาว,res_country_province_20
res_country_district_72,อ.ภูเรือ,res_country_province_20
res_country_district_73,อ.ภูกระดึง,res_country_province_20
res_country_district_74,อ.ภูหลวง,res_country_province_20
res_country_district_75,อ.วังสะพุง,res_country_province_20
res_country_district_76,อ.หนองหิน,res_country_province_20
res_country_district_77,อ.เด่นชัย,res_country_province_46
res_country_district_78,อ.เมืองแพร่,res_country_province_46
res_country_district_79,อ.ร้องกวาง,res_country_province_46
res_country_district_80,อ.ลอง,res_country_province_46
res_country_district_81,อ.วังชิ้น,res_country_province_46
res_country_district_82,อ.สอง,res_country_province_46
res_country_district_83,อ.สูงเม่น,res_country_province_46
res_country_district_84,อ.หนองม่วงไข่,res_country_province_46
res_country_district_85,อ.เมืองแม่ฮ่องสอน,res_country_province_26
res_country_district_86,อ.แม่ลาน้อย,res_country_province_26
res_country_district_87,อ.แม่สะเรียง,res_country_province_26
res_country_district_88,อ.ขุนยวม,res_country_province_26
res_country_district_89,อ.ปางมะผ้า,res_country_province_26
res_country_district_90,อ.ปาย,res_country_province_26
res_country_district_91,อ.สบเมย,res_country_province_26
res_country_district_92,อ.เกาะลันตา,res_country_province_15
res_country_district_93,อ.เขาพนม,res_country_province_15
res_country_district_94,อ.เมืองกระบี่,res_country_province_15
res_country_district_95,อ.เหนือคลอง,res_country_province_15
res_country_district_96,อ.คลองท่อม,res_country_province_15
res_country_district_97,อ.ปลายพระยา,res_country_province_15
res_country_district_98,อ.ลำทับ,res_country_province_15
res_country_district_99,อ.อ่าวลึก,res_country_province_15
res_country_district_100,เขตคลองเตย,res_country_province_4
res_country_district_101,เขตคลองสาน,res_country_province_4
res_country_district_102,เขตคลองสามวา,res_country_province_4
res_country_district_103,เขตคันนายาว,res_country_province_4
res_country_district_104,เขตจตุจักร,res_country_province_4
res_country_district_105,เขตจอมทอง,res_country_province_4
res_country_district_106,เขตดอนเมือง,res_country_province_4
res_country_district_107,เขตดินแดง,res_country_province_4
res_country_district_108,เขตดุสิต,res_country_province_4
res_country_district_109,เขตตลิ่งชัน,res_country_province_4
res_country_district_110,เขตทวีวัฒนา,res_country_province_4
res_country_district_111,เขตทุ่งครุ,res_country_province_4
res_country_district_112,เขตธนบุรี,res_country_province_4
res_country_district_113,เขตบางเขน,res_country_province_4
res_country_district_114,เขตบางแค,res_country_province_4
res_country_district_115,เขตบางกอกใหญ่,res_country_province_4
res_country_district_116,เขตบางกอกน้อย,res_country_province_4
res_country_district_117,เขตบางกะปิ,res_country_province_4
res_country_district_118,เขตบางขุนเทียน,res_country_province_4
res_country_district_119,เขตบางคอแหลม,res_country_province_4
res_country_district_120,เขตบางซื่อ,res_country_province_4
res_country_district_121,เขตบางนา,res_country_province_4
res_country_district_122,เขตบางบอน,res_country_province_4
res_country_district_123,เขตบางพลัด,res_country_province_4
res_country_district_124,เขตบางรัก,res_country_province_4
res_country_district_125,เขตบึงกุ่ม,res_country_province_4
res_country_district_126,เขตปทุมวัน,res_country_province_4
res_country_district_127,เขตประเวศ,res_country_province_4
res_country_district_128,เขตป้อมปราบศัตรูพ่าย,res_country_province_4
res_country_district_129,เขตพญาไท,res_country_province_4
res_country_district_130,เขตพระโขนง,res_country_province_4
res_country_district_131,เขตพระนคร,res_country_province_4
res_country_district_132,เขตภาษีเจริญ,res_country_province_4
res_country_district_133,เขตมีนบุรี,res_country_province_4
res_country_district_134,เขตยานนาวา,res_country_province_4
res_country_district_135,เขตราชเทวี,res_country_province_4
res_country_district_136,เขตราษฎร์บูรณะ,res_country_province_4
res_country_district_137,เขตลาดกระบัง,res_country_province_4
res_country_district_138,เขตลาดพร้าว,res_country_province_4
res_country_district_139,เขตวังทองหลาง,res_country_province_4
res_country_district_140,เขตวัฒนา,res_country_province_4
res_country_district_141,เขตสวนหลวง,res_country_province_4
res_country_district_142,เขตสะพานสูง,res_country_province_4
res_country_district_143,เขตสัมพันธวงศ์,res_country_province_4
res_country_district_144,เขตสาทร,res_country_province_4
res_country_district_145,เขตสายไหม,res_country_province_4
res_country_district_146,เขตหนองแขม,res_country_province_4
res_country_district_147,เขตหนองจอก,res_country_province_4
res_country_district_148,เขตหลักสี่,res_country_province_4
res_country_district_149,เขตห้วยขวาง,res_country_province_4
res_country_district_150,อ.เมืองกาญจนบุรี,res_country_province_18
res_country_district_151,อ.เลาขวัญ,res_country_province_18
res_country_district_152,อ.ไทรโยค,res_country_province_18
res_country_district_153,อ.ด่านมะขามเตี้ย,res_country_province_18
res_country_district_154,อ.ทองผาภูมิ,res_country_province_18
res_country_district_155,อ.ท่าม่วง,res_country_province_18
res_country_district_156,อ.ท่ามะกา,res_country_province_18
res_country_district_157,อ.บ่อพลอย,res_country_province_18
res_country_district_158,อ.พนมทวน,res_country_province_18
res_country_district_159,อ.ศรีสวัสดิ์,res_country_province_18
res_country_district_160,อ.สังขละบุรี,res_country_province_18
res_country_district_161,อ.หนองปรือ,res_country_province_18
res_country_district_162,อ.ห้วยกระเจา,res_country_province_18
res_country_district_163,อ.เขาวง,res_country_province_19
res_country_district_164,อ.เมืองกาฬสินธุ์,res_country_province_19
res_country_district_165,อ.กมลาไสย,res_country_province_19
res_country_district_166,อ.กุฉินารายณ์,res_country_province_19
res_country_district_167,อ.คำม่วง,res_country_province_19
res_country_district_168,อ.ฆ้องชัย,res_country_province_19
res_country_district_169,อ.ดอนจาน,res_country_province_19
res_country_district_170,อ.ท่าคันโท,res_country_province_19
res_country_district_171,อ.นาคู,res_country_province_19
res_country_district_172,อ.นามน,res_country_province_19
res_country_district_173,อ.ยางตลาด,res_country_province_19
res_country_district_174,อ.ร่องคำ,res_country_province_19
res_country_district_175,อ.สมเด็จ,res_country_province_19
res_country_district_176,อ.สหัสขันธ์,res_country_province_19
res_country_district_177,อ.สามชัย,res_country_province_19
res_country_district_178,อ.หนองกุงศรี,res_country_province_19
res_country_district_179,อ.ห้วยเม็ก,res_country_province_19
res_country_district_180,อ.ห้วยผึ้ง,res_country_province_19
res_country_district_181,อ.เมืองกำแพงเพชร,res_country_province_17
res_country_district_182,อ.โกสัมพีนคร,res_country_province_17
res_country_district_183,อ.ไทรงาม,res_country_province_17
res_country_district_184,อ.ขาณุวรลักษบุรี,res_country_province_17
res_country_district_185,อ.คลองขลุง,res_country_province_17
res_country_district_186,อ.คลองลาน,res_country_province_17
res_country_district_187,อ.ทรายทองวัฒนา,res_country_province_17
res_country_district_188,อ.บึงสามัคคี,res_country_province_17
res_country_district_189,อ.ปางศิลาทอง,res_country_province_17
res_country_district_190,อ.พรานกระต่าย,res_country_province_17
res_country_district_191,อ.ลานกระบือ,res_country_province_17
res_country_district_192,อ.เขาสวนกวาง,res_country_province_16
res_country_district_193,อ.เปือยน้อย,res_country_province_16
res_country_district_194,อ.เมืองขอนแก่น,res_country_province_16
res_country_district_195,อ.เวียงเก่า,res_country_province_16
res_country_district_196,อ.แวงใหญ่,res_country_province_16
res_country_district_197,อ.แวงน้อย,res_country_province_16
res_country_district_198,อ.โคกโพธิ์ไชย,res_country_province_16
res_country_district_199,อ.โนนศิลา,res_country_province_16
res_country_district_200,อ.กระนวน,res_country_province_16
res_country_district_201,อ.ชนบท,res_country_province_16
res_country_district_202,อ.ชุมแพ,res_country_province_16
res_country_district_203,อ.ซำสูง,res_country_province_16
res_country_district_204,อ.น้ำพอง,res_country_province_16
res_country_district_205,อ.บ้านแฮด,res_country_province_16
res_country_district_206,อ.บ้านไผ่,res_country_province_16
res_country_district_207,อ.บ้านฝาง,res_country_province_16
res_country_district_208,อ.พระยืน,res_country_province_16
res_country_district_209,อ.พล,res_country_province_16
res_country_district_210,อ.ภูเวียง,res_country_province_16
res_country_district_211,อ.ภูผาม่าน,res_country_province_16
res_country_district_212,อ.มัญจาคีรี,res_country_province_16
res_country_district_213,อ.สีชมพู,res_country_province_16
res_country_district_214,อ.หนองเรือ,res_country_province_16
res_country_district_215,อ.หนองนาคำ,res_country_province_16
res_country_district_216,อ.หนองสองห้อง,res_country_province_16
res_country_district_217,อ.อุบลรัตน์,res_country_province_16
res_country_district_218,อ.เขาคิชฌกูฏ,res_country_province_14
res_country_district_219,อ.เมืองจันทบุรี,res_country_province_14
res_country_district_220,อ.แก่งหางแมว,res_country_province_14
res_country_district_221,อ.แหลมสิงห์,res_country_province_14
res_country_district_222,อ.โป่งน้ำร้อน,res_country_province_14
res_country_district_223,อ.ขลุง,res_country_province_14
res_country_district_224,อ.ท่าใหม่,res_country_province_14
res_country_district_225,อ.นายายอาม,res_country_province_14
res_country_district_226,อ.มะขาม,res_country_province_14
res_country_district_227,อ.สอยดาว,res_country_province_14
res_country_district_228,อ.เมืองฉะเชิงเทรา,res_country_province_8
res_country_district_229,อ.แปลงยาว,res_country_province_8
res_country_district_230,อ.คลองเขื่อน,res_country_province_8
res_country_district_231,อ.ท่าตะเกียบ,res_country_province_8
res_country_district_232,อ.บางคล้า,res_country_province_8
res_country_district_233,อ.บางน้ำเปรี้ยว,res_country_province_8
res_country_district_234,อ.บางปะกง,res_country_province_8
res_country_district_235,อ.บ้านโพธิ์,res_country_province_8
res_country_district_236,อ.พนมสารคาม,res_country_province_8
res_country_district_237,อ.ราชสาส์น,res_country_province_8
res_country_district_238,อ.สนามชัย,res_country_province_8
res_country_district_239,อ.เกาะจันทร์,res_country_province_7
res_country_district_240,อ.เกาะสีชัง,res_country_province_7
res_country_district_241,อ.เมืองชลบุรี,res_country_province_7
res_country_district_242,อ.บ่อทอง,res_country_province_7
res_country_district_243,อ.บางละมุง,res_country_province_7
res_country_district_244,อ.บ้านบึง,res_country_province_7
res_country_district_245,อ.พนัสนิคม,res_country_province_7
res_country_district_246,อ.พานทอง,res_country_province_7
res_country_district_247,อ.ศรีราชา,res_country_province_7
res_country_district_248,อ.สัตหีบ,res_country_province_7
res_country_district_249,อ.หนองใหญ่,res_country_province_7
res_country_district_250,อ.เนินขาม,res_country_province_10
res_country_district_251,อ.เมืองชัยนาท,res_country_province_10
res_country_district_252,อ.มโนรมย์,res_country_province_10
res_country_district_253,อ.วัดสิงห์,res_country_province_10
res_country_district_254,อ.สรรคบุรี,res_country_province_10
res_country_district_255,อ.สรรพยา,res_country_province_10
res_country_district_256,อ.หนองมะโมง,res_country_province_10
res_country_district_257,อ.หันคา,res_country_province_10
res_country_district_258,อ.เกษตรสมบูรณ์,res_country_province_11
res_country_district_259,อ.เทพสถิต,res_country_province_11
res_country_district_260,อ.เนินสง่า,res_country_province_11
res_country_district_261,อ.เมืองชัยภูมิ,res_country_province_11
res_country_district_262,อ.แก้งคร้อ,res_country_province_11
res_country_district_263,อ.คอนสวรรค์,res_country_province_11
res_country_district_264,อ.คอนสาร,res_country_province_11
res_country_district_265,อ.จัตุรัส,res_country_province_11
res_country_district_266,อ.ซับใหญ่,res_country_province_11
res_country_district_267,อ.บ้านเขว้า,res_country_province_11
res_country_district_268,อ.บ้านแท่น,res_country_province_11
res_country_district_269,อ.บำเหน็จณรงค์,res_country_province_11
res_country_district_270,อ.ภักดีชุมพล,res_country_province_11
res_country_district_271,อ.ภูเขียว,res_country_province_11
res_country_district_272,อ.หนองบัวแดง,res_country_province_11
res_country_district_273,อ.หนองบัวระเหว,res_country_province_11
res_country_district_274,อ.เมืองชุมพร,res_country_province_12
res_country_district_275,อ.ท่าแซะ,res_country_province_12
res_country_district_276,อ.ทุ่งตะโก,res_country_province_12
res_country_district_277,อ.ปะทิว,res_country_province_12
res_country_district_278,อ.พะโต๊ะ,res_country_province_12
res_country_district_279,อ.ละแม,res_country_province_12
res_country_district_280,อ.สวี,res_country_province_12
res_country_district_281,อ.หลังสวน,res_country_province_12
res_country_district_282,อ.เมืองตรัง,res_country_province_70
res_country_district_283,อ.กันตัง,res_country_province_70
res_country_district_284,อ.นาโยง,res_country_province_70
res_country_district_285,อ.ปะเหลียน,res_country_province_70
res_country_district_286,อ.ย่านตาขาว,res_country_province_70
res_country_district_287,อ.รัษฎา,res_country_province_70
res_country_district_288,อ.วังวิเศษ,res_country_province_70
res_country_district_289,อ.สิเกา,res_country_province_70
res_country_district_290,อ.ห้วยยอด,res_country_province_70
res_country_district_291,อ.หาดสำราญ,res_country_province_70
res_country_district_292,อ.เกาะกูด,res_country_province_71
res_country_district_293,อ.เกาะช้าง,res_country_province_71
res_country_district_294,อ.เขาสมิง,res_country_province_71
res_country_district_295,อ.เมืองตราด,res_country_province_71
res_country_district_296,อ.แหลมงอบ,res_country_province_71
res_country_district_297,อ.คลองใหญ่,res_country_province_71
res_country_district_298,อ.บ่อไร่,res_country_province_71
res_country_district_299,อ.เมืองตาก,res_country_province_69
res_country_district_300,อ.แม่ระมาด,res_country_province_69
res_country_district_301,อ.แม่สอด,res_country_province_69
res_country_district_302,อ.ท่าสองยาง,res_country_province_69
res_country_district_303,อ.บ้านตาก,res_country_province_69
res_country_district_304,อ.พบพระ,res_country_province_69
res_country_district_305,อ.วังเจ้า,res_country_province_69
res_country_district_306,อ.สามเงา,res_country_province_69
res_country_district_307,อ.อุ้มผาง,res_country_province_69
res_country_district_308,อ.เมืองนครนายก,res_country_province_37
res_country_district_309,อ.บ้านนา,res_country_province_37
res_country_district_310,อ.ปากพลี,res_country_province_37
res_country_district_311,อ.องครักษ์,res_country_province_37
res_country_district_312,อ.เมืองนครปฐม,res_country_province_33
res_country_district_313,อ.กำแพงแสน,res_country_province_33
res_country_district_314,อ.ดอนตูม,res_country_province_33
res_country_district_315,อ.นครชัยศรี,res_country_province_33
res_country_district_316,อ.บางเลน,res_country_province_33
res_country_district_317,อ.พุทธมณฑล,res_country_province_33
res_country_district_318,อ.สามพราน,res_country_province_33
res_country_district_319,อ.เมืองนครพนม,res_country_province_32
res_country_district_320,อ.เรณูนคร,res_country_province_32
res_country_district_321,อ.โพนสวรรค์,res_country_province_32
res_country_district_322,อ.ท่าอุเทน,res_country_province_32
res_country_district_323,อ.ธาตุพนม,res_country_province_32
res_country_district_324,อ.นาแก,res_country_province_32
res_country_district_325,อ.นาทม,res_country_province_32
res_country_district_326,อ.นาหว้า,res_country_province_32
res_country_district_327,อ.บ้านแพง,res_country_province_32
res_country_district_328,อ.ปลาปาก,res_country_province_32
res_country_district_329,อ.วังยาง,res_country_province_32
res_country_district_330,อ.ศรีสงคราม,res_country_province_32
res_country_district_331,อ.เฉลิมพระเกียรติ,res_country_province_31
res_country_district_332,อ.เทพารักษ์,res_country_province_31
res_country_district_333,อ.เมืองนครราชสีมา,res_country_province_31
res_country_district_334,อ.เมืองยาง,res_country_province_31
res_country_district_335,อ.เสิงสาง,res_country_province_31
res_country_district_336,อ.แก้งสนามนาง,res_country_province_31
res_country_district_337,อ.โชคชัย,res_country_province_31
res_country_district_338,อ.โนนแดง,res_country_province_31
res_country_district_339,อ.โนนไทย,res_country_province_31
res_country_district_340,อ.โนนสูง,res_country_province_31
res_country_district_341,อ.ขามทะเลสอ,res_country_province_31
res_country_district_342,อ.ขามสะแกแสง,res_country_province_31
res_country_district_343,อ.คง,res_country_province_31
res_country_district_344,อ.ครบุรี,res_country_province_31
res_country_district_345,อ.จักราช,res_country_province_31
res_country_district_346,อ.ชุมพวง,res_country_province_31
res_country_district_347,อ.ด่านขุนทด,res_country_province_31
res_country_district_348,อ.บัวใหญ่,res_country_province_31
res_country_district_349,อ.บัวลาย,res_country_province_31
res_country_district_350,อ.บ้านเหลื่อม,res_country_province_31
res_country_district_351,อ.ประทาย,res_country_province_31
res_country_district_352,อ.ปักธงชัย,res_country_province_31
res_country_district_353,อ.ปากช่อง,res_country_province_31
res_country_district_354,อ.พระทองคำ,res_country_province_31
res_country_district_355,อ.พิมาย,res_country_province_31
res_country_district_356,อ.ลำทะเมนชัย,res_country_province_31
res_country_district_357,อ.วังน้ำเขียว,res_country_province_31
res_country_district_358,อ.สีคิ้ว,res_country_province_31
res_country_district_359,อ.สีดา,res_country_province_31
res_country_district_360,อ.สูงเนิน,res_country_province_31
res_country_district_361,อ.หนองบุญมาก,res_country_province_31
res_country_district_362,อ.ห้วยแถลง,res_country_province_31
res_country_district_363,อ.เฉลิมพระเกียรติ,res_country_province_34
res_country_district_364,อ.เชียรใหญ่,res_country_province_34
res_country_district_365,อ.เมืองนครศรีธรรมราช,res_country_province_34
res_country_district_366,อ.ขนอม,res_country_province_34
res_country_district_367,อ.จุฬาภรณ์,res_country_province_34
res_country_district_368,อ.ฉวาง,res_country_province_34
res_country_district_369,อ.ชะอวด,res_country_province_34
res_country_district_370,อ.ช้างกลาง,res_country_province_34
res_country_district_371,อ.ถ้ำพรรณรา,res_country_province_34
res_country_district_372,อ.ท่าศาลา,res_country_province_34
res_country_district_373,อ.ทุ่งใหญ่,res_country_province_34
res_country_district_374,อ.ทุ่งสง,res_country_province_34
res_country_district_375,อ.นบพิตำ,res_country_province_34
res_country_district_376,อ.นาบอน,res_country_province_34
res_country_district_377,อ.บางขัน,res_country_province_34
res_country_district_378,อ.ปากพนัง,res_country_province_34
res_country_district_379,อ.พรหมคีรี,res_country_province_34
res_country_district_380,อ.พระพรหม,res_country_province_34
res_country_district_381,อ.พิปูน,res_country_province_34
res_country_district_382,อ.ร่อนพิบูลย์,res_country_province_34
res_country_district_383,อ.ลานสกา,res_country_province_34
res_country_district_384,อ.สิชล,res_country_province_34
res_country_district_385,อ.หัวไทร,res_country_province_34
res_country_district_386,อ.เก้าเลี้ยว,res_country_province_35
res_country_district_387,อ.เมืองนครสวรรค์,res_country_province_35
res_country_district_388,อ.แม่เปิน,res_country_province_35
res_country_district_389,อ.แม่วงก์,res_country_province_35
res_country_district_390,อ.โกรกพระ,res_country_province_35
res_country_district_391,อ.ไพศาลี,res_country_province_35
res_country_district_392,อ.ชุมแสง,res_country_province_35
res_country_district_393,อ.ชุมตาบง,res_country_province_35
res_country_district_394,อ.ตากฟ้า,res_country_province_35
res_country_district_395,อ.ตาคลี,res_country_province_35
res_country_district_396,อ.ท่าตะโก,res_country_province_35
res_country_district_397,อ.บรรพตพิสัย,res_country_province_35
res_country_district_398,อ.พยุหะคีรี,res_country_province_35
res_country_district_399,อ.ลาดยาว,res_country_province_35
res_country_district_400,อ.หนองบัว,res_country_province_35
res_country_district_401,อ.เมืองนนทบุรี,res_country_province_28
res_country_district_402,อ.ไทรน้อย,res_country_province_28
res_country_district_403,อ.บางใหญ่,res_country_province_28
res_country_district_404,อ.บางกรวย,res_country_province_28
res_country_district_405,อ.บางบัวทอง,res_country_province_28
res_country_district_406,อ.ปากเกร็ด,res_country_province_28
res_country_district_407,อ.เจาะไอร้อง,res_country_province_36
res_country_district_408,อ.เมืองนราธิวาส,res_country_province_36
res_country_district_409,อ.แว้ง,res_country_province_36
res_country_district_410,อ.จะแนะ,res_country_province_36
res_country_district_411,อ.ตากใบ,res_country_province_36
res_country_district_412,อ.บาเจาะ,res_country_province_36
res_country_district_413,อ.ยี่งอ,res_country_province_36
res_country_district_414,อ.ระแงะ,res_country_province_36
res_country_district_415,อ.รือเสาะ,res_country_province_36
res_country_district_416,อ.ศรีสาคร,res_country_province_36
res_country_district_417,อ.สุไหงโกลก,res_country_province_36
res_country_district_418,อ.สุไหงปาดี,res_country_province_36
res_country_district_419,อ.สุคิริน,res_country_province_36
res_country_district_420,อ.เฉลิมพระเกียรติ,res_country_province_27
res_country_district_421,อ.เชียงกลาง,res_country_province_27
res_country_district_422,อ.เมืองน่าน,res_country_province_27
res_country_district_423,อ.เวียงสา,res_country_province_27
res_country_district_424,อ.แม่จริม,res_country_province_27
res_country_district_425,อ.ท่าวังผา,res_country_province_27
res_country_district_426,อ.ทุ่งช้าง,res_country_province_27
res_country_district_427,อ.นาน้อย,res_country_province_27
res_country_district_428,อ.นาหมื่น,res_country_province_27
res_country_district_429,อ.บ่อเกลือ,res_country_province_27
res_country_district_430,อ.บ้านหลวง,res_country_province_27
res_country_district_431,อ.ปัว,res_country_province_27
res_country_district_432,อ.ภูเพียง,res_country_province_27
res_country_district_433,อ.สองแคว,res_country_province_27
res_country_district_434,อ.สันติสุข,res_country_province_27
res_country_district_435,อ.เซกา,res_country_province_5
res_country_district_436,อ.เมืองบึงกาฬ,res_country_province_5
res_country_district_437,อ.โซ่พิสัย,res_country_province_5
res_country_district_438,อ.บึงโขงหลง,res_country_province_5
res_country_district_439,อ.บุ่งคล้า,res_country_province_5
res_country_district_440,อ.ปากคาด,res_country_province_5
res_country_district_441,อ.พรเจริญ,res_country_province_5
res_country_district_442,อ.ศรีวิไล,res_country_province_5
res_country_district_443,อ.เฉลิมพระเกียรติ,res_country_province_6
res_country_district_444,อ.เมืองบุรีรัมย์,res_country_province_6
res_country_district_445,อ.แคนดง,res_country_province_6
res_country_district_446,อ.โนนดินแดง,res_country_province_6
res_country_district_447,อ.โนนสุวรรณ,res_country_province_6
res_country_district_448,อ.กระสัง,res_country_province_6
res_country_district_449,อ.คูเมือง,res_country_province_6
res_country_district_450,อ.ชำนิ,res_country_province_6
res_country_district_451,อ.นาโพธิ์,res_country_province_6
res_country_district_452,อ.นางรอง,res_country_province_6
res_country_district_453,อ.บ้านใหม่ไชยพจน์,res_country_province_6
res_country_district_454,อ.บ้านกรวด,res_country_province_6
res_country_district_455,อ.บ้านด่าน,res_country_province_6
res_country_district_456,อ.ประโคนชัย,res_country_province_6
res_country_district_457,อ.ปะคำ,res_country_province_6
res_country_district_458,อ.พลับพลาชัย,res_country_province_6
res_country_district_459,อ.พุทไธสง,res_country_province_6
res_country_district_460,อ.ละหานทราย,res_country_province_6
res_country_district_461,อ.ลำปลายมาศ,res_country_province_6
res_country_district_462,อ.สตึก,res_country_province_6
res_country_district_463,อ.หนองกี่,res_country_province_6
res_country_district_464,อ.หนองหงส์,res_country_province_6
res_country_district_465,อ.ห้วยราช,res_country_province_6
res_country_district_466,อ.เมืองปทุมธานี,res_country_province_48
res_country_district_467,อ.คลองหลวง,res_country_province_48
res_country_district_468,อ.ธัญบุรี,res_country_province_48
res_country_district_469,อ.ลาดหลุมแก้ว,res_country_province_48
res_country_district_470,อ.ลำลูกกา,res_country_province_48
res_country_district_471,อ.สามโคก,res_country_province_48
res_country_district_472,อ.หนองเสือ,res_country_province_48
res_country_district_473,อ.เมืองประจวบคีรีขันธ์,res_country_province_40
res_country_district_474,อ.กุยบุรี,res_country_province_40
res_country_district_475,อ.ทับสะแก,res_country_province_40
res_country_district_476,อ.บางสะพาน,res_country_province_40
res_country_district_477,อ.บางสะพานน้อย,res_country_province_40
res_country_district_478,อ.ปราณบุรี,res_country_province_40
res_country_district_479,อ.สามร้อยยอด,res_country_province_40
res_country_district_480,อ.หัวหิน,res_country_province_40
res_country_district_481,อ.เมืองปราจีนบุรี,res_country_province_47
res_country_district_482,อ.กบินทร์บุรี,res_country_province_47
res_country_district_483,อ.นาดี,res_country_province_47
res_country_district_484,อ.บ้านสร้าง,res_country_province_47
res_country_district_485,อ.ประจันตคาม,res_country_province_47
res_country_district_486,อ.ศรีมโหสถ,res_country_province_47
res_country_district_487,อ.ศรีมหาโพธิ,res_country_province_47
res_country_district_488,อ.เมืองปัตตานี,res_country_province_49
res_country_district_489,อ.แม่ลาน,res_country_province_49
res_country_district_490,อ.โคกโพธิ์,res_country_province_49
res_country_district_491,อ.ไม้แก่น,res_country_province_49
res_country_district_492,อ.กะพ้อ,res_country_province_49
res_country_district_493,อ.ทุ่งยางแดง,res_country_province_49
res_country_district_494,อ.ปะนาเระ,res_country_province_49
res_country_district_495,อ.มายอ,res_country_province_49
res_country_district_496,อ.ยะรัง,res_country_province_49
res_country_district_497,อ.ยะหริ่ง,res_country_province_49
res_country_district_498,อ.สายบุรี,res_country_province_49
res_country_district_499,อ.หนองจิก,res_country_province_49
res_country_district_500,อ.เสนา,res_country_province_3
res_country_district_501,อ.ท่าเรือ,res_country_province_3
res_country_district_502,อ.นครหลวง,res_country_province_3
res_country_district_503,อ.บางไทร,res_country_province_3
res_country_district_504,อ.บางซ้าย,res_country_province_3
res_country_district_505,อ.บางบาล,res_country_province_3
res_country_district_506,อ.บางปะหัน,res_country_province_3
res_country_district_507,อ.บางปะอิน,res_country_province_3
res_country_district_508,อ.บ้านแพรก,res_country_province_3
res_country_district_509,อ.ผักไห่,res_country_province_3
res_country_district_510,อ.พระนครศรีอยุธยา,res_country_province_3
res_country_district_511,อ.ภาชี,res_country_province_3
res_country_district_512,อ.มหาราช,res_country_province_3
res_country_district_513,อ.ลาดบัวหลวง,res_country_province_3
res_country_district_514,อ.วังน้อย,res_country_province_3
res_country_district_515,อ.อุทัย,res_country_province_3
res_country_district_516,อ.เชียงคำ,res_country_province_50
res_country_district_517,อ.เชียงม่วน,res_country_province_50
res_country_district_518,อ.เมืองพะเยา,res_country_province_50
res_country_district_519,อ.แม่ใจ,res_country_province_50
res_country_district_520,อ.จุน,res_country_province_50
res_country_district_521,อ.ดอกคำใต้,res_country_province_50
res_country_district_522,อ.ปง,res_country_province_50
res_country_district_523,อ.ภูกามยาว,res_country_province_50
res_country_district_524,อ.ภูซาง,res_country_province_50
res_country_district_525,อ.เกาะยาว,res_country_province_44
res_country_district_526,อ.เมืองพังงา,res_country_province_44
res_country_district_527,อ.กะปง,res_country_province_44
res_country_district_528,อ.คุระบุรี,res_country_province_44
res_country_district_529,อ.ตะกั่วทุ่ง,res_country_province_44
res_country_district_530,อ.ตะกั่วป่า,res_country_province_44
res_country_district_531,อ.ทับปุด,res_country_province_44
res_country_district_532,อ.ท้ายเหมือง,res_country_province_44
res_country_district_533,อ.เขาชัยสน,res_country_province_42
res_country_district_534,อ.เมืองพัทลุง,res_country_province_42
res_country_district_535,อ.กงหรา,res_country_province_42
res_country_district_536,อ.ควนขนุน,res_country_province_42
res_country_district_537,อ.ตะโหมด,res_country_province_42
res_country_district_538,อ.บางแก้ว,res_country_province_42
res_country_district_539,อ.ปากพะยูน,res_country_province_42
res_country_district_540,อ.ป่าบอน,res_country_province_42
res_country_district_541,อ.ป่าพะยอม,res_country_province_42
res_country_district_542,อ.ศรีนครินทร์,res_country_province_42
res_country_district_543,อ.ศรีบรรพต,res_country_province_42
res_country_district_544,อ.เมืองพิจิตร,res_country_province_39
res_country_district_545,อ.โพทะเล,res_country_province_39
res_country_district_546,อ.โพธิ์ประทับช้าง,res_country_province_39
res_country_district_547,อ.ดงเจริญ,res_country_province_39
res_country_district_548,อ.ตะพานหิน,res_country_province_39
res_country_district_549,อ.ทับคล้อ,res_country_province_39
res_country_district_550,อ.บางมูลนาก,res_country_province_39
res_country_district_551,อ.บึงนาราง,res_country_province_39
res_country_district_552,อ.วชิรบารมี,res_country_province_39
res_country_district_553,อ.วังทรายพูน,res_country_province_39
res_country_district_554,อ.สากเหล็ก,res_country_province_39
res_country_district_555,อ.สามง่าม,res_country_province_39
res_country_district_556,อ.เนินมะปราง,res_country_province_43
res_country_district_557,อ.เมืองพิษณุโลก,res_country_province_43
res_country_district_558,อ.ชาติตระการ,res_country_province_43
res_country_district_559,อ.นครไทย,res_country_province_43
res_country_district_560,อ.บางกระทุ่ม,res_country_province_43
res_country_district_561,อ.บางระกำ,res_country_province_43
res_country_district_562,อ.พรหมพิราม,res_country_province_43
res_country_district_563,อ.วังทอง,res_country_province_43
res_country_district_564,อ.วัดโบสถ์,res_country_province_43
res_country_district_565,อ.เมืองภูเก็ต,res_country_province_41
res_country_district_566,อ.กะทู้,res_country_province_41
res_country_district_567,อ.ถลาง,res_country_province_41
res_country_district_568,อ.เชียงยืน,res_country_province_25
res_country_district_569,อ.เมืองมหาสารคาม,res_country_province_25
res_country_district_570,อ.แกดำ,res_country_province_25
res_country_district_571,อ.โกสุมพิสัย,res_country_province_25
res_country_district_572,อ.กันทรวิชัย,res_country_province_25
res_country_district_573,อ.กุดรัง,res_country_province_25
res_country_district_574,อ.ชื่นชม,res_country_province_25
res_country_district_575,อ.นาเชือก,res_country_province_25
res_country_district_576,อ.นาดูน,res_country_province_25
res_country_district_577,อ.บรบือ,res_country_province_25
res_country_district_578,อ.พยัคฆภูมิพิสัย,res_country_province_25
res_country_district_579,อ.ยางสีสุราช,res_country_province_25
res_country_district_580,อ.วาปีปทุม,res_country_province_25
res_country_district_581,อ.เมืองมุกดาหาร,res_country_province_24
res_country_district_582,อ.คำชะอี,res_country_province_24
res_country_district_583,อ.ดงหลวง,res_country_province_24
res_country_district_584,อ.ดอนตาล,res_country_province_24
res_country_district_585,อ.นิคมคำสร้อย,res_country_province_24
res_country_district_586,อ.หนองสูง,res_country_province_24
res_country_district_587,อ.หว้านใหญ่,res_country_province_24
res_country_district_588,อ.เมืองยโสธร,res_country_province_77
res_country_district_589,อ.เลิงนกทา,res_country_province_77
res_country_district_590,อ.ไทยเจริญ,res_country_province_77
res_country_district_591,อ.กุดชุม,res_country_province_77
res_country_district_592,อ.ค้อวัง,res_country_province_77
res_country_district_593,อ.คำเขื่อนแก้ว,res_country_province_77
res_country_district_594,อ.ทรายมูล,res_country_province_77
res_country_district_595,อ.ป่าติ้ว,res_country_province_77
res_country_district_596,อ.มหาชนะชัย,res_country_province_77
res_country_district_597,อ.เบตง,res_country_province_76
res_country_district_598,อ.เมืองยะลา,res_country_province_76
res_country_district_599,อ.กรงปินัง,res_country_province_76
res_country_district_600,อ.กาบัง,res_country_province_76
res_country_district_601,อ.ธารโต,res_country_province_76
res_country_district_602,อ.บันนังสตา,res_country_province_76
res_country_district_603,อ.ยะหา,res_country_province_76
res_country_district_604,อ.รามัน,res_country_province_76
res_country_district_605,อ.เกษตรวิสัย,res_country_province_52
res_country_district_606,อ.เชียงขวัญ,res_country_province_52
res_country_district_607,อ.เมยวดี,res_country_province_52
res_country_district_608,อ.เมืองร้อยเอ็ด,res_country_province_52
res_country_district_609,อ.เมืองสรวง,res_country_province_52
res_country_district_610,อ.เสลภูมิ,res_country_province_52
res_country_district_611,อ.โพธิ์ชัย,res_country_province_52
res_country_district_612,อ.โพนทราย,res_country_province_52
res_country_district_613,อ.โพนทอง,res_country_province_52
res_country_district_614,อ.จตุรพักตรพิมาน,res_country_province_52
res_country_district_615,อ.จังหาร,res_country_province_52
res_country_district_616,อ.ทุ่งเขาหลวง,res_country_province_52
res_country_district_617,อ.ธวัชบุรี,res_country_province_52
res_country_district_618,อ.ปทุมรัตต์,res_country_province_52
res_country_district_619,อ.พนมไพร,res_country_province_52
res_country_district_620,อ.ศรีสมเด็จ,res_country_province_52
res_country_district_621,อ.สุวรรณภูมิ,res_country_province_52
res_country_district_622,อ.หนองพอก,res_country_province_52
res_country_district_623,อ.หนองฮี,res_country_province_52
res_country_district_624,อ.อาจสามารถ,res_country_province_52
res_country_district_625,อ.เมืองระนอง,res_country_province_53
res_country_district_626,อ.กระบุรี,res_country_province_53
res_country_district_627,อ.กะเปอร์,res_country_province_53
res_country_district_628,อ.ละอุ่น,res_country_province_53
res_country_district_629,อ.สุขสำราญ,res_country_province_53
res_country_district_630,อ.เขาชะเมา,res_country_province_54
res_country_district_631,อ.เมืองระยอง,res_country_province_54
res_country_district_632,อ.แกลง,res_country_province_54
res_country_district_633,อ.นิคมพัฒนา,res_country_province_54
res_country_district_634,อ.บ้านค่าย,res_country_province_54
res_country_district_635,อ.บ้านฉาง,res_country_province_54
res_country_district_636,อ.ปลวกแดง,res_country_province_54
res_country_district_637,อ.วังจันทร์,res_country_province_54
res_country_district_638,อ.เมืองราชบุรี,res_country_province_51
res_country_district_639,อ.โพธาราม,res_country_province_51
res_country_district_640,อ.จอมบึง,res_country_province_51
res_country_district_641,อ.ดำเนินสะดวก,res_country_province_51
res_country_district_642,อ.บางแพ,res_country_province_51
res_country_district_643,อ.บ้านโป่ง,res_country_province_51
res_country_district_644,อ.บ้านคา,res_country_province_51
res_country_district_645,อ.ปากท่อ,res_country_province_51
res_country_district_646,อ.วัดเพลง,res_country_province_51
res_country_district_647,อ.สวนผึ้ง,res_country_province_51
res_country_district_648,อ.เมืองลพบุรี,res_country_province_23
res_country_district_649,อ.โคกเจริญ,res_country_province_23
res_country_district_650,อ.โคกสำโรง,res_country_province_23
res_country_district_651,อ.ชัยบาดาล,res_country_province_23
res_country_district_652,อ.ท่าวุ้ง,res_country_province_23
res_country_district_653,อ.ท่าหลวง,res_country_province_23
res_country_district_654,อ.บ้านหมี่,res_country_province_23
res_country_district_655,อ.พัฒนานิคม,res_country_province_23
res_country_district_656,อ.ลำสนธิ,res_country_province_23
res_country_district_657,อ.สระโบสถ์,res_country_province_23
res_country_district_658,อ.หนองม่วง,res_country_province_23
res_country_district_659,อ.เกาะคา,res_country_province_21
res_country_district_660,อ.เถิน,res_country_province_21
res_country_district_661,อ.เมืองปาน,res_country_province_21
res_country_district_662,อ.เมืองลำปาง,res_country_province_21
res_country_district_663,อ.เสริมงาม,res_country_province_21
res_country_district_664,อ.แจ้ห่ม,res_country_province_21
res_country_district_665,อ.แม่เมาะ,res_country_province_21
res_country_district_666,อ.แม่ทะ,res_country_province_21
res_country_district_667,อ.แม่พริก,res_country_province_21
res_country_district_668,อ.งาว,res_country_province_21
res_country_district_669,อ.วังเหนือ,res_country_province_21
res_country_district_670,อ.สบปราบ,res_country_province_21
res_country_district_671,อ.ห้างฉัตร,res_country_province_21
res_country_district_672,อ.เมืองลำพูน,res_country_province_22
res_country_district_673,อ.เวียงหนองล่อง,res_country_province_22
res_country_district_674,อ.แม่ทา,res_country_province_22
res_country_district_675,อ.ทุ่งหัวช้าง,res_country_province_22
res_country_district_676,อ.บ้านโฮ่ง,res_country_province_22
res_country_district_677,อ.บ้านธิ,res_country_province_22
res_country_district_678,อ.ป่าซาง,res_country_province_22
res_country_district_679,อ.ลี้,res_country_province_22
res_country_district_680,อ.เบญจลักษ์,res_country_province_66
res_country_district_681,อ.เมืองจันทร์,res_country_province_66
res_country_district_682,อ.เมืองศรีสะเกษ,res_country_province_66
res_country_district_683,อ.โนนคูณ,res_country_province_66
res_country_district_684,อ.โพธิ์ศรีสุวรรณ,res_country_province_66
res_country_district_685,อ.ไพรบึง,res_country_province_66
res_country_district_686,อ.กันทรลักษ์,res_country_province_66
res_country_district_687,อ.กันทรารมย์,res_country_province_66
res_country_district_688,อ.ขุขันธ์,res_country_province_66
res_country_district_689,อ.ขุนหาญ,res_country_province_66
res_country_district_690,อ.น้ำเกลี้ยง,res_country_province_66
res_country_district_691,อ.บึงบูรพ์,res_country_province_66
res_country_district_692,อ.ปรางค์กู่,res_country_province_66
res_country_district_693,อ.พยุห์,res_country_province_66
res_country_district_694,อ.ภูสิงห์,res_country_province_66
res_country_district_695,อ.ยางชุมน้อย,res_country_province_66
res_country_district_696,อ.ราษีไศล,res_country_province_66
res_country_district_697,อ.วังหิน,res_country_province_66
res_country_district_698,อ.ศรีรัตนะ,res_country_province_66
res_country_district_699,อ.ศิลาลาด,res_country_province_66
res_country_district_700,อ.ห้วยทับทัน,res_country_province_66
res_country_district_701,อ.อุทุมพรพิสัย,res_country_province_66
res_country_district_702,อ.เจริญศิลป์,res_country_province_61
res_country_district_703,อ.เต่างอย,res_country_province_61
res_country_district_704,อ.เมืองสกลนคร,res_country_province_61
res_country_district_705,อ.โคกศรีสุพรรณ,res_country_province_61
res_country_district_706,อ.โพนนาแก้ว,res_country_province_61
res_country_district_707,อ.กุดบาก,res_country_province_61
res_country_district_708,อ.กุสุมาลย์,res_country_province_61
res_country_district_709,อ.คำตากล้า,res_country_province_61
res_country_district_710,อ.นิคมน้ำอูน,res_country_province_61
res_country_district_711,อ.บ้านม่วง,res_country_province_61
res_country_district_712,อ.พรรณานิคม,res_country_province_61
res_country_district_713,อ.พังโคน,res_country_province_61
res_country_district_714,อ.ภูพาน,res_country_province_61
res_country_district_715,อ.วานรนิวาส,res_country_province_61
res_country_district_716,อ.วาริชภูมิ,res_country_province_61
res_country_district_717,อ.สว่างแดนดิน,res_country_province_61
res_country_district_718,อ.ส่องดาว,res_country_province_61
res_country_district_719,อ.อากาศอำนวย,res_country_province_61
res_country_district_720,อ.เทพา,res_country_province_56
res_country_district_721,อ.เมืองสงขลา,res_country_province_56
res_country_district_722,อ.กระแสสินธุ์,res_country_province_56
res_country_district_723,อ.คลองหอยโข่ง,res_country_province_56
res_country_district_724,อ.ควนเนียง,res_country_province_56
res_country_district_725,อ.จะนะ,res_country_province_56
res_country_district_726,อ.นาทวี,res_country_province_56
res_country_district_727,อ.นาหม่อม,res_country_province_56
res_country_district_728,อ.บางกล่ำ,res_country_province_56
res_country_district_729,อ.ระโนด,res_country_province_56
res_country_district_730,อ.รัตภูมิ,res_country_province_56
res_country_district_731,อ.สทิงพระ,res_country_province_56
res_country_district_732,อ.สะเดา,res_country_province_56
res_country_district_733,อ.สะบ้าย้อย,res_country_province_56
res_country_district_734,อ.สิงหนคร,res_country_province_56
res_country_district_735,อ.หาดใหญ่,res_country_province_56
res_country_district_736,อ.เมืองสตูล,res_country_province_68
res_country_district_737,อ.ควนโดน,res_country_province_68
res_country_district_738,อ.ควนกาหลง,res_country_province_68
res_country_district_739,อ.ท่าแพ,res_country_province_68
res_country_district_740,อ.ทุ่งหว้า,res_country_province_68
res_country_district_741,อ.มะนัง,res_country_province_68
res_country_district_742,อ.ละงู,res_country_province_68
res_country_district_743,อ.เมืองสมุทรปราการ,res_country_province_63
res_country_district_744,อ.บางเสาธง,res_country_province_63
res_country_district_745,อ.บางบ่อ,res_country_province_63
res_country_district_746,อ.บางพลี,res_country_province_63
res_country_district_747,อ.พระประแดง,res_country_province_63
res_country_district_748,อ.พระสมุทรเจดีย์,res_country_province_63
res_country_district_749,อ.เมืองสมุทรสงคราม,res_country_province_57
res_country_district_750,อ.บางคนที,res_country_province_57
res_country_district_751,อ.อัมพวา,res_country_province_57
res_country_district_752,อ.เมืองสมุทรสาคร,res_country_province_58
res_country_district_753,อ.กระทุ่มแบน,res_country_province_58
res_country_district_754,อ.บ้านแพ้ว,res_country_province_58
res_country_district_755,อ.เขาฉกรรจ์,res_country_province_59
res_country_district_756,อ.เมืองสระแก้ว,res_country_province_59
res_country_district_757,อ.โคกสูง,res_country_province_59
res_country_district_758,อ.คลองหาด,res_country_province_59
res_country_district_759,อ.ตาพระยา,res_country_province_59
res_country_district_760,อ.วังน้ำเย็น,res_country_province_59
res_country_district_761,อ.วังสมบูรณ์,res_country_province_59
res_country_district_762,อ.วัฒนานคร,res_country_province_59
res_country_district_763,อ.อรัญประเทศ,res_country_province_59
res_country_district_764,อ.เฉลิมพระเกียรติ,res_country_province_64
res_country_district_765,อ.เมืองสระบุรี,res_country_province_64
res_country_district_766,อ.เสาไห้,res_country_province_64
res_country_district_767,อ.แก่งคอย,res_country_province_64
res_country_district_768,อ.ดอนพุด,res_country_province_64
res_country_district_769,อ.บ้านหมอ,res_country_province_64
res_country_district_770,อ.พระพุทธบาท,res_country_province_64
res_country_district_771,อ.มวกเหล็ก,res_country_province_64
res_country_district_772,อ.วังม่วง,res_country_province_64
res_country_district_773,อ.วิหารแดง,res_country_province_64
res_country_district_774,อ.หนองแค,res_country_province_64
res_country_district_775,อ.หนองแซง,res_country_province_64
res_country_district_776,อ.หนองโดน,res_country_province_64
res_country_district_777,อ.เมืองสิงห์บุรี,res_country_province_55
res_country_district_778,อ.ค่ายบางระจัน,res_country_province_55
res_country_district_779,อ.ท่าช้าง,res_country_province_55
res_country_district_780,อ.บางระจัน,res_country_province_55
res_country_district_781,อ.พรหมบุรี,res_country_province_55
res_country_district_782,อ.อินทร์บุรี,res_country_province_55
res_country_district_783,อ.เมืองสุโขทัย,res_country_province_67
res_country_district_784,อ.กงไกรลาศ,res_country_province_67
res_country_district_785,อ.คีรีมาศ,res_country_province_67
res_country_district_786,อ.ทุ่งเสลี่ยม,res_country_province_67
res_country_district_787,อ.บ้านด่านลานหอย,res_country_province_67
res_country_district_788,อ.ศรีนคร,res_country_province_67
res_country_district_789,อ.ศรีสัชนาลัย,res_country_province_67
res_country_district_790,อ.ศรีสำโรง,res_country_province_67
res_country_district_791,อ.สวรรคโลก,res_country_province_67
res_country_district_792,อ.เดิมบางนางบวช,res_country_province_62
res_country_district_793,อ.เมืองสุพรรณบุรี,res_country_province_62
res_country_district_794,อ.ดอนเจดีย์,res_country_province_62
res_country_district_795,อ.ด่านช้าง,res_country_province_62
res_country_district_796,อ.บางปลาม้า,res_country_province_62
res_country_district_797,อ.ศรีประจันต์,res_country_province_62
res_country_district_798,อ.สองพี่น้อง,res_country_province_62
res_country_district_799,อ.สามชุก,res_country_province_62
res_country_district_800,อ.หนองหญ้าไซ,res_country_province_62
res_country_district_801,อ.อู่ทอง,res_country_province_62
res_country_district_802,อ.เกาะพะงัน,res_country_province_60
res_country_district_803,อ.เกาะสมุย,res_country_province_60
res_country_district_804,อ.เคียนซา,res_country_province_60
res_country_district_805,อ.เมืองสุราษฎร์ธานี,res_country_province_60
res_country_district_806,อ.เวียงสระ,res_country_province_60
res_country_district_807,อ.ไชยา,res_country_province_60
res_country_district_808,อ.กาญจนดิษฐ์,res_country_province_60
res_country_district_809,อ.คีรีรัฐนิคม,res_country_province_60
res_country_district_810,อ.ชัยบุรี,res_country_province_60
res_country_district_811,อ.ดอนสัก,res_country_province_60
res_country_district_812,อ.ท่าฉาง,res_country_province_60
res_country_district_813,อ.ท่าชนะ,res_country_province_60
res_country_district_814,อ.บ้านตาขุน,res_country_province_60
res_country_district_815,อ.บ้านนาเดิม,res_country_province_60
res_country_district_816,อ.บ้านนาสาร,res_country_province_60
res_country_district_817,อ.พนม,res_country_province_60
res_country_district_818,อ.พระแสง,res_country_province_60
res_country_district_819,อ.พุนพิน,res_country_province_60
res_country_district_820,อ.วิภาวดี,res_country_province_60
res_country_district_821,อ.เขวาสินรินทร์,res_country_province_65
res_country_district_822,อ.เมืองสุรินทร์,res_country_province_65
res_country_district_823,อ.โนนนารายณ์,res_country_province_65
res_country_district_824,อ.กาบเชิง,res_country_province_65
res_country_district_825,อ.จอมพระ,res_country_province_65
res_country_district_826,อ.ชุมพลบุรี,res_country_province_65
res_country_district_827,อ.ท่าตูม,res_country_province_65
res_country_district_828,อ.บัวเชด,res_country_province_65
res_country_district_829,อ.ปราสาท,res_country_province_65
res_country_district_830,อ.พนมดงรัก,res_country_province_65
res_country_district_831,อ.รัตนบุรี,res_country_province_65
res_country_district_832,อ.ลำดวน,res_country_province_65
res_country_district_833,อ.ศรีณรงค์,res_country_province_65
res_country_district_834,อ.ศีขรภูมิ,res_country_province_65
res_country_district_835,อ.สนม,res_country_province_65
res_country_district_836,อ.สังขะ,res_country_province_65
res_country_district_837,อ.สำโรงทาบ,res_country_province_65
res_country_district_838,อ.เฝ้าไร่,res_country_province_30
res_country_district_839,อ.เมืองหนองคาย,res_country_province_30
res_country_district_840,อ.โพธิ์ตาก,res_country_province_30
res_country_district_841,อ.โพนพิสัย,res_country_province_30
res_country_district_842,อ.ท่าบ่อ,res_country_province_30
res_country_district_843,อ.รัตนวาปี,res_country_province_30
res_country_district_844,อ.ศรีเชียงใหม่,res_country_province_30
res_country_district_845,อ.สระใคร,res_country_province_30
res_country_district_846,อ.สังคม,res_country_province_30
res_country_district_847,อ.เมืองหนองบัวลำภู,res_country_province_29
res_country_district_848,อ.โนนสัง,res_country_province_29
res_country_district_849,อ.นากลาง,res_country_province_29
res_country_district_850,อ.นาวัง,res_country_province_29
res_country_district_851,อ.ศรีบุญเรือง,res_country_province_29
res_country_district_852,อ.สุวรรณคูหา,res_country_province_29
res_country_district_853,อ.เมืองอ่างทอง,res_country_province_2
res_country_district_854,อ.แสวงหา,res_country_province_2
res_country_district_855,อ.โพธิ์ทอง,res_country_province_2
res_country_district_856,อ.ไชโย,res_country_province_2
res_country_district_857,อ.ป่าโมก,res_country_province_2
res_country_district_858,อ.วิเศษชัยชาญ,res_country_province_2
res_country_district_859,อ.สามโก้,res_country_province_2
res_country_district_860,อ.เมืองอำนาจเจริญ,res_country_province_1
res_country_district_861,อ.เสนางคนิคม,res_country_province_1
res_country_district_862,อ.ชานุมาน,res_country_province_1
res_country_district_863,อ.ปทุมราชวงศา,res_country_province_1
res_country_district_864,อ.พนา,res_country_province_1
res_country_district_865,อ.ลืออำนาจ,res_country_province_1
res_country_district_866,อ.หัวตะพาน,res_country_province_1
res_country_district_867,อ.เพ็ญ,res_country_province_73
res_country_district_868,อ.เมืองอุดรธานี,res_country_province_73
res_country_district_869,อ.โนนสะอาด,res_country_province_73
res_country_district_870,อ.ไชยวาน,res_country_province_73
res_country_district_871,อ.กุดจับ,res_country_province_73
res_country_district_872,อ.กุมภวาปี,res_country_province_73
res_country_district_873,อ.กู่แก้ว,res_country_province_73
res_country_district_874,อ.ทุ่งฝน,res_country_province_73
res_country_district_875,อ.นายูง,res_country_province_73
res_country_district_876,อ.น้ำโสม,res_country_province_73
res_country_district_877,อ.บ้านดุง,res_country_province_73
res_country_district_878,อ.บ้านผือ,res_country_province_73
res_country_district_879,อ.ประจักษ์ศิลปาคม,res_country_province_73
res_country_district_880,อ.พิบูลย์รักษ์,res_country_province_73
res_country_district_881,อ.วังสามหมอ,res_country_province_73
res_country_district_882,อ.ศรีธาตุ,res_country_province_73
res_country_district_883,อ.สร้างคอม,res_country_province_73
res_country_district_884,อ.หนองแสง,res_country_province_73
res_country_district_885,อ.หนองวัวซอ,res_country_province_73
res_country_district_886,อ.หนองหาน,res_country_province_73
res_country_district_887,อ.เมืองอุตรดิตถ์,res_country_province_75
res_country_district_888,อ.ตรอน,res_country_province_75
res_country_district_889,อ.ทองแสนขัน,res_country_province_75
res_country_district_890,อ.ท่าปลา,res_country_province_75
res_country_district_891,อ.น้ำปาด,res_country_province_75
res_country_district_892,อ.บ้านโคก,res_country_province_75
res_country_district_893,อ.พิชัย,res_country_province_75
res_country_district_894,อ.ฟากท่า,res_country_province_75
res_country_district_895,อ.ลับแล,res_country_province_75
res_country_district_896,อ.เมืองอุทัยธานี,res_country_province_74
res_country_district_897,อ.ทัพทัน,res_country_province_74
res_country_district_898,อ.บ้านไร่,res_country_province_74
res_country_district_899,อ.ลานสัก,res_country_province_74
res_country_district_900,อ.สว่างอารมณ์,res_country_province_74
res_country_district_901,อ.หนองขาหย่าง,res_country_province_74
res_country_district_902,อ.หนองฉาง,res_country_province_74
res_country_district_903,อ.ห้วยคต,res_country_province_74
res_country_district_904,อ.เขมราฐ,res_country_province_72
res_country_district_905,อ.เขื่องใน,res_country_province_72
res_country_district_906,อ.เดชอุดม,res_country_province_72
res_country_district_907,อ.เมืองอุบลราชธานี,res_country_province_72
res_country_district_908,อ.เหล่าเสือโก้ก,res_country_province_72
res_country_district_909,อ.โขงเจียม,res_country_province_72
res_country_district_910,อ.โพธิ์ไทร,res_country_province_72
res_country_district_911,อ.กุดข้าวปุ้น,res_country_province_72
res_country_district_912,อ.ดอนมดแดง,res_country_province_72
res_country_district_913,อ.ตระการพืชผล,res_country_province_72
res_country_district_914,อ.ตาลสุม,res_country_province_72
res_country_district_915,อ.ทุ่งศรีอุดม,res_country_province_72
res_country_district_916,อ.นาเยีย,res_country_province_72
res_country_district_917,อ.นาจะหลวย,res_country_province_72
res_country_district_918,อ.นาตาล,res_country_province_72
res_country_district_919,อ.น้ำขุ่น,res_country_province_72
res_country_district_920,อ.น้ำยืน,res_country_province_72
res_country_district_921,อ.บุณฑริก,res_country_province_72
res_country_district_922,อ.พิบูลมังสาหาร,res_country_province_72
res_country_district_923,อ.ม่วงสามสิบ,res_country_province_72
res_country_district_924,อ.วารินชำราบ,res_country_province_72
res_country_district_925,อ.ศรีเมืองใหม่,res_country_province_72
res_country_district_926,อ.สว่างวีระวงศ์,res_country_province_72
res_country_district_927,อ.สำโรง,res_country_province_72
res_country_district_928,อ.สิรินธร,res_country_province_72
